Year,Country,Total Prize Money (Year),Number of Players
2020,United States,"$22,869,599.78 ",4849
2020,China,"$17,251,049.62 ",847
2020," Korea,Republic of","$9,481,807.36 ",939
2020,France,"$5,017,233.52 ",993
2020,Brazil,"$4,545,009.93 ",920
2020,United Kingdom,"$4,416,966.63 ",790
2020,Russian Federation,"$4,416,475.95 ",824
2020,Denmark,"$3,936,165.19 ",380
2020,Germany,"$3,655,420.65 ",1074
2020,Canada,"$3,452,648.97 ",659
2020,Thailand,"$2,627,871.67 ",532
2020,Sweden,"$2,580,377.92 ",482
2020,Japan,"$2,198,995.90 ",560
2020,Australia,"$2,174,369.87 ",691
2020,Poland,"$1,773,721.77 ",502
2020," Taiwan, Republic of China","$1,701,362.09 ",269
2020,Finland,"$1,671,598.29 ",321
2020,Netherlands,"$1,260,909.71 ",374
2020,Ukraine,"$1,255,288.33 ",235
2020,Norway,"$1,215,957.20 ",216
2020,Spain,"$1,164,067.59 ",479
2020,Viet Nam,"$1,135,527.20 ",471
2020,Turkey,"$847,256.46 ",255
2020,Indonesia,"$804,661.18 ",319
2020,Italy,"$687,427.56 ",303
2020,Mexico,"$664,637.41 ",240
2020,Philippines,"$632,661.87 ",207
2020,Argentina,"$631,098.69 ",209
2020,Bulgaria,"$618,750.84 ",69
2020,Saudi Arabia,"$592,436.40 ",113
2020,Malaysia,"$577,775.61 ",154
2020,Czech Republic,"$565,933.46 ",232
2020,Kazakhstan,"$496,266.45 ",61
2020,Singapore,"$484,224.76 ",130
2020,Estonia,"$444,887.98 ",77
2020,Belgium,"$433,503.78 ",160
2020,Jordan,"$426,537.70 ",22
2020,Slovenia,"$423,939.83 ",24
2020,Austria,"$406,246.34 ",140
2020,Portugal,"$370,970.43 ",162
2020,India,"$304,991.36 ",228
2020,Belarus,"$299,760.81 ",84
2020,Slovakia,"$290,944.67 ",77
2020,Peru,"$288,520.06 ",118
2020,Israel,"$276,631.93 ",52
2020,Latvia,"$257,583.80 ",61
2020,Romania,"$241,826.83 ",105
2020,Chile,"$238,158.92 ",127
2020,New Zealand,"$229,711.09 ",60
2020,Lithuania,"$220,901.32 ",117
2020,Greece,"$217,344.53 ",92
2020,Hungary,"$209,991.71 ",120
2020,Hong Kong,"$204,198.44 ",86
2020,Switzerland,"$188,500.48 ",153
2020,Croatia,"$185,946.07 ",57
2020,Serbia,"$179,895.39 ",106
2020,Bosnia and Herzegovina,"$173,888.88 ",25
2020,Mongolia,"$164,044.80 ",68
2020,Uzbekistan,"$159,810.66 ",20
2020,Lebanon,"$135,902.94 ",21
2020," Iran, Islamic Republic of","$134,234.27 ",14
2020,Ireland,"$125,308.05 ",52
2020,South Africa,"$124,943.49 ",84
2020," Macedonia, The Former Yugoslav Republic of","$114,065.88 ",22
2020,Armenia,"$112,713.43 ",20
2020,Pakistan,"$108,455.79 ",129
2020," Moldova, Republic of","$97,216.22 ",11
2020,Kyrgyzstan,"$93,598.60 ",8
2020,Colombia,"$81,431.76 ",55
2020,Macao,"$65,564.02 ",7
2020,Puerto Rico,"$57,053.40 ",30
2020,Bahrain,"$45,550.00 ",7
2020,Georgia,"$44,672.47 ",22
2020,Azerbaijan,"$44,031.05 ",33
2020,Cuba,"$43,336.82 ",12
2020,Egypt,"$41,331.74 ",30
2020,Montenegro,"$40,333.23 ",4
2020,Morocco,"$39,389.56 ",14
2020,Afghanistan,"$37,720.00 ",2
2020,Albania,"$34,918.88 ",20
2020,Syrian Arab Republic,"$29,023.10 ",22
2020,Bolivia,"$26,903.07 ",7
2020,Costa Rica,"$23,527.50 ",5
2020,Uruguay,"$23,380.86 ",14
2020,Nepal,"$22,851.82 ",17
2020,Bangladesh,"$21,793.56 ",14
2020,United Arab Emirates,"$21,786.55 ",29
2020,Venezuela,"$20,732.54 ",9
2020,Dominican Republic,"$20,156.68 ",26
2020,Lao People's Democratic Republic,"$19,807.76 ",6
2020,Iceland,"$19,452.46 ",24
2020,Iraq,"$18,515.89 ",14
2020," Kosovo, Republic of","$17,195.31 ",9
2020,Guatemala,"$15,592.50 ",8
2020,Tunisia,"$14,384.04 ",13
2020,Myanmar,"$13,863.00 ",23
2020,Oman,"$12,370.00 ",3
2020,Luxembourg,"$10,677.42 ",8
2020,Ecuador,"$8,923.71 ",9
2020,Algeria,"$8,292.54 ",16
2020,Kuwait,"$7,916.67 ",8
2020,Malta,"$5,212.62 ",20
2020,Cambodia,"$4,500.00 ",10
2020,Nicaragua,"$4,117.48 ",1
2020,Paraguay,"$3,971.15 ",4
2020,Yemen,"$3,720.00 ",2
2020,Sri Lanka,"$2,400.00 ",5
2020,Qatar,"$2,025.00 ",6
2020,Panama,"$1,828.00 ",5
2020,Cyprus,"$1,315.84 ",5
2020,Gibraltar,$900.00 ,1
2020,Brunei Darussalam,$883.33 ,9
2020,New Caledonia,$300.00 ,1
2020," Palestinian Territory, Occupied",$300.00 ,1
2020,Faroe Islands,$200.00 ,1
2020,Guernsey,$100.00 ,1
2020,Jamaica,$75.75 ,1
2020,Isle of Man,$60.00 ,1
2020,Saint Barthélemy,$7.63 ,1
2020,Monaco,$1.17 ,1
2019,United States,"$43,573,655.11 ",5730
2019,China,"$18,495,629.67 ",1122
2019," Korea, Republic of","$16,632,913.77 ",1144
2019,France,"$10,477,062.65 ",1270
2019,Finland,"$9,875,086.21 ",350
2019,Denmark,"$9,539,276.34 ",500
2019,Canada,"$6,860,842.12 ",945
2019,United Kingdom,"$6,836,196.56 ",918
2019,Sweden,"$6,783,900.90 ",530
2019,Australia,"$6,625,161.77 ",847
2019,Germany,"$6,065,302.69 ",1179
2019,Brazil,"$5,944,855.54 ",1085
2019,Russian Federation,"$5,702,050.67 ",834
2019,Norway,"$3,514,673.33 ",223
2019,Japan,"$3,422,089.13 ",606
2019,Netherlands,"$3,173,683.72 ",467
2019,Poland,"$2,904,976.33 ",500
2019,Philippines,"$2,866,800.70 ",190
2019," Taiwan, Republic of China","$2,799,700.66 ",308
2019,Austria,"$2,789,315.34 ",209
2019,Bulgaria,"$2,329,994.70 ",83
2019,Thailand,"$2,207,376.44 ",347
2019,Malaysia,"$2,188,975.63 ",219
2019,Argentina,"$2,162,788.12 ",233
2019,Spain,"$1,853,171.21 ",505
2019,Jordan,"$1,753,186.25 ",26
2019,Hong Kong,"$1,481,091.19 ",99
2019,Ukraine,"$1,447,814.10 ",277
2019,Italy,"$1,172,564.10 ",238
2019,Lebanon,"$1,151,310.75 ",24
2019,Viet Nam,"$1,131,766.95 ",306
2019,Indonesia,"$1,061,619.89 ",310
2019,Romania,"$1,057,270.04 ",103
2019,Belgium,"$1,035,540.63 ",179
2019,Estonia,"$1,004,952.87 ",43
2019,Peru,"$966,641.12 ",123
2019,Switzerland,"$898,833.55 ",175
2019,Mexico,"$783,268.38 ",166
2019,Saudi Arabia,"$770,395.24 ",101
2019,Turkey,"$750,561.02 ",188
2019,New Zealand,"$720,850.52 ",99
2019,Pakistan,"$638,277.76 ",101
2019,Israel,"$626,977.40 ",73
2019,Czech Republic,"$591,534.74 ",188
2019,Kazakhstan,"$525,487.30 ",105
2019,Belarus,"$484,450.01 ",109
2019,Portugal,"$438,743.21 ",225
2019,Slovenia,"$401,184.51 ",48
2019,Slovakia,"$399,829.68 ",61
2019,Lithuania,"$365,032.28 ",86
2019,India,"$360,162.87 ",183
2019,Singapore,"$358,204.56 ",162
2019,Kyrgyzstan,"$274,785.80 ",15
2019,Latvia,"$252,855.15 ",90
2019,Bosnia and Herzegovina,"$244,488.99 ",19
2019,Serbia,"$235,881.34 ",78
2019,Hungary,"$222,819.69 ",114
2019,Greece,"$220,716.08 ",92
2019,Uzbekistan,"$218,402.13 ",21
2019,Croatia,"$216,044.38 ",51
2019,Ireland,"$211,613.89 ",61
2019,Bolivia,"$202,851.83 ",10
2019,Chile,"$182,634.50 ",115
2019,Tunisia,"$149,016.17 ",16
2019,United Arab Emirates,"$138,271.02 ",49
2019," Macedonia, The Former Yugoslav Republic of","$121,336.88 ",23
2019,South Africa,"$114,156.44 ",88
2019,Macao,"$113,334.21 ",17
2019,Egypt,"$88,524.20 ",26
2019,Puerto Rico,"$77,721.74 ",13
2019,Afghanistan,"$74,245.60 ",1
2019,Uruguay,"$73,582.41 ",23
2019,Mongolia,"$65,371.08 ",28
2019,Iceland,"$63,133.38 ",41
2019,Iraq,"$60,854.70 ",35
2019,Dominican Republic,"$56,174.87 ",39
2019,Colombia,"$54,496.26 ",50
2019,Cuba,"$42,267.33 ",3
2019,Montenegro,"$39,016.88 ",4
2019,Malta,"$38,526.34 ",39
2019,Costa Rica,"$35,986.67 ",33
2019,Luxembourg,"$33,167.34 ",16
2019,Cambodia,"$31,473.76 ",47
2019,Azerbaijan,"$31,367.62 ",44
2019," Iran, Islamic Republic of","$28,156.74 ",52
2019,Morocco,"$24,952.19 ",19
2019,Albania,"$24,236.09 ",15
2019,Algeria,"$22,883.33 ",10
2019,Armenia,"$22,637.41 ",7
2019,Syrian Arab Republic,"$21,515.00 ",6
2019," Moldova, Republic of","$18,768.10 ",11
2019,Georgia,"$17,347.10 ",20
2019," Kosovo, Republic of","$14,069.14 ",7
2019,Kuwait,"$13,611.09 ",15
2019,Bahrain,"$13,479.49 ",2
2019,Myanmar,"$11,298.97 ",47
2019,Guatemala,"$11,219.92 ",6
2019,Nepal,"$10,016.64 ",6
2019,Paraguay,"$8,920.03 ",14
2019,Oman,"$8,900.00 ",4
2019,Venezuela,"$8,643.37 ",24
2019,Greenland,"$7,525.00 ",2
2019,Lao People's Democratic Republic,"$6,221.08 ",26
2019,Qatar,"$5,747.26 ",6
2019,Nicaragua,"$5,563.83 ",4
2019," Palestinian Territory, Occupied","$4,517.63 ",4
2019,Ecuador,"$3,649.84 ",15
2019,Ghana,"$2,808.76 ",5
2019,Brunei Darussalam,"$2,694.00 ",26
2019,Gibraltar,"$2,400.00 ",1
2019,New Caledonia,"$2,000.00 ",1
2019,Panama,"$1,338.51 ",9
2019,Honduras,"$1,336.87 ",7
2019,Zambia,"$1,224.20 ",2
2019,Jamaica,$838.63 ,2
2019,Senegal,$750.00 ,1
2019,Ethiopia,$733.33 ,1
2019,Andorra,$648.62 ,2
2019,Monaco,$450.00 ,1
2019,Belize,$250.00 ,1
2019,Turkmenistan,$220.40 ,1
2019,Sri Lanka,$210.00 ,1
2019,Bangladesh,$200.00 ,1
2019,Kenya,$150.00 ,1
2019,Faroe Islands,$100.00 ,5
2019,Côte D'Ivoire,$71.90 ,1
2019,Jersey,$60.00 ,1
2019,Liechtenstein,$28.00 ,1
2019,Aruba,$14.17 ,1
2018,United States,"$29,960,567.96 ",4164
2018,China,"$18,467,462.11 ",1244
2018," Korea, Republic of","$14,352,866.85 ",1252
2018,Denmark,"$10,608,979.61 ",438
2018,Finland,"$7,550,154.61 ",361
2018,Russian Federation,"$7,078,621.88 ",880
2018,France,"$6,475,457.75 ",1061
2018,Sweden,"$6,448,211.47 ",546
2018,Canada,"$5,159,152.26 ",766
2018,Germany,"$4,491,598.64 ",895
2018,Australia,"$4,218,623.74 ",765
2018,Brazil,"$3,583,720.99 ",739
2018,United Kingdom,"$3,220,595.98 ",829
2018,Poland,"$3,082,719.77 ",553
2018,Japan,"$2,797,054.49 ",333
2018,Ukraine,"$2,656,631.08 ",200
2018,Malaysia,"$2,335,863.05 ",178
2018," Taiwan, Republic of China","$2,120,258.36 ",308
2018,Netherlands,"$1,941,971.87 ",354
2018,Thailand,"$1,794,749.93 ",310
2018,Bulgaria,"$1,397,714.77 ",100
2018,Turkey,"$1,287,926.41 ",204
2018,Philippines,"$1,229,080.77 ",162
2018,Jordan,"$1,141,507.52 ",11
2018,Norway,"$1,110,799.54 ",230
2018,Spain,"$1,056,150.84 ",415
2018,Israel,"$1,010,805.90 ",56
2018,Pakistan,"$896,847.68 ",67
2018,Belgium,"$867,701.97 ",145
2018,Viet Nam,"$866,480.91 ",287
2018,Saudi Arabia,"$788,281.26 ",35
2018,Czech Republic,"$740,298.03 ",159
2018,Lebanon,"$683,309.41 ",24
2018,Estonia,"$683,258.24 ",50
2018,Singapore,"$580,699.43 ",156
2018,Italy,"$533,062.18 ",215
2018,Indonesia,"$521,318.15 ",238
2018,Switzerland,"$497,684.73 ",107
2018,Slovakia,"$486,235.08 ",80
2018,Mexico,"$415,927.07 ",130
2018,Kazakhstan,"$377,398.06 ",66
2018,Argentina,"$366,633.62 ",187
2018,Greece,"$348,765.93 ",127
2018,Hong Kong,"$344,070.90 ",103
2018,Hungary,"$342,964.60 ",118
2018,Belarus,"$301,008.50 ",83
2018,Lithuania,"$277,375.49 ",81
2018,Portugal,"$267,421.26 ",194
2018,New Zealand,"$266,699.99 ",76
2018,South Africa,"$261,704.34 ",142
2018,Croatia,"$252,394.55 ",45
2018,Austria,"$250,259.70 ",189
2018,Bosnia and Herzegovina,"$233,158.45 ",12
2018,Romania,"$222,112.27 ",108
2018,Latvia,"$220,604.77 ",93
2018,Serbia,"$209,913.94 ",67
2018,Peru,"$199,032.19 ",100
2018,Ireland,"$186,327.58 ",59
2018,Macao,"$164,482.58 ",14
2018,Slovenia,"$154,428.49 ",27
2018,India,"$135,593.73 ",123
2018,Chile,"$119,913.79 ",114
2018,Gibraltar,"$119,304.51 ",1
2018,Colombia,"$96,382.49 ",39
2018,Dominican Republic,"$84,988.56 ",12
2018," Moldova, Republic of","$72,711.12 ",8
2018,United Arab Emirates,"$70,638.86 ",24
2018,Puerto Rico,"$60,215.12 ",9
2018,Kyrgyzstan,"$54,299.99 ",26
2018,Malta,"$53,229.74 ",41
2018,Tunisia,"$48,826.16 ",18
2018,Mongolia,"$47,936.18 ",21
2018,Iceland,"$46,985.95 ",17
2018,Armenia,"$44,238.58 ",13
2018,Uzbekistan,"$38,930.59 ",6
2018,Kuwait,"$37,352.09 ",26
2018," Macedonia, The Former Yugoslav Republic of","$35,699.14 ",10
2018,Morocco,"$28,541.98 ",13
2018,Cuba,"$28,423.75 ",3
2018,Panama,"$27,085.00 ",7
2018,Uruguay,"$26,039.56 ",18
2018,Venezuela,"$24,318.50 ",16
2018,Montenegro,"$23,742.98 ",3
2018,Ethiopia,"$22,796.63 ",1
2018,Egypt,"$15,794.49 ",16
2018," Palestinian Territory, Occupied","$15,139.50 ",3
2018,Algeria,"$9,893.29 ",13
2018,Faroe Islands,"$9,070.05 ",20
2018,Bolivia,"$7,460.44 ",4
2018,Lao People's Democratic Republic,"$6,516.80 ",29
2018,Bahrain,"$5,867.82 ",3
2018,Syrian Arab Republic,"$5,810.26 ",5
2018,Myanmar,"$5,525.00 ",28
2018,Azerbaijan,"$5,435.21 ",8
2018,Mauritius,"$5,344.33 ",2
2018," Iran, Islamic Republic of","$4,796.50 ",28
2018,Iraq,"$4,548.82 ",9
2018,Luxembourg,"$4,542.53 ",6
2018,Nicaragua,"$3,802.88 ",1
2018,Georgia,"$3,799.88 ",13
2018,Guatemala,"$3,753.33 ",7
2018,Afghanistan,"$3,000.00 ",1
2018,Brunei Darussalam,"$2,472.00 ",24
2018,Cambodia,"$2,250.00 ",26
2018,Ecuador,"$1,593.33 ",2
2018,Greenland,"$1,500.00 ",1
2018,Albania,"$1,248.85 ",3
2018,Costa Rica,"$1,144.56 ",3
2018,New Caledonia,"$1,000.00 ",1
2018,Bangladesh,$600.00 ,6
2018,Qatar,$570.28 ,1
2018,Trinidad and Tobago,$543.38 ,1
2018," Kosovo, Republic of",$525.00 ,2
2018,Zambia,$411.24 ,2
2018,El Salvador,$409.72 ,1
2018,Sri Lanka,$285.14 ,1
2018,Bermuda,$200.00 ,1
2018,Bahamas,$197.00 ,1
2018,Maldives,$121.54 ,2
2018,Yemen,$120.00 ,1
2018,Monaco,$113.00 ,1
2018,Paraguay,$54.94 ,1
2018,United States Minor Outlying Islands,$30.00 ,1
2018,Isle of Man,$15.00 ,1
2017,China,"$16,680,359.56 ",1197
2017,United States,"$15,387,178.03 ",3389
2017," Korea, Republic of","$12,187,913.10 ",963
2017,Denmark,"$5,037,183.62 ",394
2017,Germany,"$4,878,109.73 ",796
2017,Sweden,"$4,808,765.14 ",640
2017,Finland,"$3,993,516.88 ",383
2017,France,"$3,851,139.26 ",820
2017,Russian Federation,"$3,561,882.26 ",656
2017,Brazil,"$3,377,052.76 ",750
2017,United Kingdom,"$2,960,054.65 ",682
2017,Canada,"$2,919,228.68 ",582
2017,Ukraine,"$2,791,789.53 ",169
2017,Jordan,"$2,735,011.78 ",20
2017,Bulgaria,"$2,638,496.17 ",96
2017,Australia,"$2,569,946.69 ",595
2017,Lebanon,"$2,450,968.76 ",23
2017,Poland,"$2,399,169.22 ",617
2017,Philippines,"$2,148,089.99 ",172
2017," Taiwan, Republic of China","$1,559,099.10 ",223
2017,Malaysia,"$1,118,448.99 ",177
2017,Netherlands,"$1,038,798.12 ",269
2017,Japan,"$904,251.70 ",246
2017,Viet Nam,"$806,336.10 ",236
2017,Norway,"$744,271.80 ",181
2017,Spain,"$654,855.14 ",340
2017,Kazakhstan,"$628,363.53 ",55
2017,Macao,"$560,161.66 ",2
2017,Mexico,"$549,285.05 ",90
2017,Turkey,"$484,014.68 ",146
2017,Thailand,"$480,437.65 ",197
2017,Israel,"$472,789.17 ",56
2017,Italy,"$467,959.16 ",226
2017,Estonia,"$461,646.45 ",71
2017,Slovakia,"$451,826.04 ",62
2017,Peru,"$401,148.78 ",98
2017,Belarus,"$390,268.72 ",65
2017,Singapore,"$385,182.69 ",169
2017,Bosnia and Herzegovina,"$335,652.36 ",11
2017,Czech Republic,"$284,861.15 ",125
2017,Belgium,"$282,359.70 ",122
2017,Pakistan,"$278,396.70 ",17
2017,Dominican Republic,"$270,184.87 ",5
2017,South Africa,"$249,576.58 ",182
2017,Hong Kong,"$241,154.25 ",97
2017,Croatia,"$235,237.93 ",56
2017,Chile,"$215,796.87 ",107
2017,Romania,"$215,181.03 ",79
2017,Portugal,"$206,332.67 ",202
2017,Argentina,"$203,720.58 ",157
2017,Indonesia,"$195,679.16 ",137
2017,Saudi Arabia,"$180,086.05 ",14
2017,New Zealand,"$174,733.22 ",76
2017,Austria,"$174,178.13 ",85
2017,Greece,"$165,833.76 ",96
2017,Serbia,"$165,190.49 ",78
2017,Ireland,"$127,268.05 ",29
2017,Hungary,"$120,897.16 ",102
2017,Switzerland,"$106,492.95 ",82
2017,Lithuania,"$90,130.25 ",73
2017,India,"$85,370.33 ",160
2017,Latvia,"$79,677.95 ",80
2017," Macedonia, The Former Yugoslav Republic of","$78,116.51 ",5
2017,Puerto Rico,"$74,841.17 ",17
2017,Slovenia,"$62,699.43 ",26
2017,United Arab Emirates,"$56,269.99 ",25
2017,Colombia,"$46,634.76 ",25
2017,Uzbekistan,"$46,012.18 ",4
2017,Bahrain,"$33,195.00 ",2
2017,Algeria,"$32,974.77 ",16
2017,Mongolia,"$32,116.97 ",29
2017,Iraq,"$31,920.60 ",10
2017,Montenegro,"$27,550.00 ",2
2017,Uruguay,"$22,952.49 ",14
2017,Kuwait,"$19,250.07 ",24
2017,Kyrgyzstan,"$15,648.53 ",14
2017," Moldova, Republic of","$14,823.32 ",7
2017,Iceland,"$14,681.24 ",27
2017,Armenia,"$13,960.05 ",4
2017,Morocco,"$13,488.70 ",13
2017,Venezuela,"$11,541.34 ",43
2017,Ecuador,"$10,263.49 ",5
2017,Malta,"$9,250.25 ",50
2017,Nicaragua,"$9,091.07 ",1
2017,Tunisia,"$7,291.41 ",12
2017,Egypt,"$6,748.68 ",12
2017,El Salvador,"$6,300.00 ",6
2017,Panama,"$5,457.14 ",4
2017,Cambodia,"$5,415.25 ",5
2017,Gibraltar,"$4,500.00 ",1
2017,Sri Lanka,"$3,663.40 ",16
2017,Georgia,"$3,256.13 ",27
2017,Azerbaijan,"$3,136.66 ",7
2017,Albania,"$2,868.16 ",2
2017,Bolivia,"$2,108.25 ",2
2017,Guatemala,"$1,634.54 ",9
2017,Syrian Arab Republic,"$1,606.37 ",3
2017,Cuba,"$1,155.00 ",2
2017,Lao People's Democratic Republic,"$1,033.89 ",4
2017,Bangladesh,$935.65 ,10
2017," Kosovo, Republic of",$834.33 ,1
2017," Palestinian Territory, Occupied",$659.32 ,3
2017,Trinidad and Tobago,$594.75 ,1
2017,Kenya,$575.06 ,1
2017,Madagascar,$458.00 ,1
2017," Iran, Islamic Republic of",$381.60 ,9
2017,Åland Islands,$250.00 ,1
2017,Ethiopia,$139.99 ,1
2017,Andorra,$139.71 ,1
2017,Luxembourg,$130.65 ,3
2017,New Caledonia,$112.97 ,1
2017,Monaco,$112.50 ,1
2017,Paraguay,$112.50 ,1
2017,Bahamas,$66.00 ,1
2017,Costa Rica,$49.65 ,1
2017,French Polynesia,$45.00 ,1
2017,Cyprus,$33.33 ,1
2017,Saint Kitts and Nevis,$20.00 ,1
2017,Faroe Islands,$11.55 ,1
2016,China,"$19,790,123.56 ",1136
2016,United States,"$15,465,863.16 ",3276
2016," Korea, Republic of","$12,693,676.49 ",904
2016,Sweden,"$5,363,393.48 ",621
2016,Denmark,"$4,569,302.45 ",345
2016,Canada,"$3,233,756.91 ",520
2016,Brazil,"$2,851,299.24 ",495
2016,Ukraine,"$2,453,652.16 ",125
2016,Germany,"$2,450,702.12 ",667
2016,Russian Federation,"$2,180,106.29 ",532
2016,France,"$2,140,458.08 ",650
2016,Malaysia,"$2,117,110.88 ",122
2016,United Kingdom,"$2,069,717.54 ",652
2016,Poland,"$1,761,734.26 ",381
2016,Australia,"$1,502,847.78 ",518
2016,Finland,"$1,468,897.37 ",316
2016,Philippines,"$1,224,446.06 ",141
2016,Romania,"$1,168,936.02 ",76
2016," Taiwan, Republic of China","$927,867.11 ",219
2016," Macedonia, The Former Yugoslav Republic of","$758,973.40 ",1
2016,Pakistan,"$659,804.80 ",3
2016,Greece,"$649,997.41 ",53
2016,Israel,"$602,312.21 ",34
2016,Spain,"$600,272.10 ",344
2016,Norway,"$587,410.14 ",212
2016,Bulgaria,"$561,431.62 ",71
2016,Netherlands,"$539,060.13 ",215
2016,Singapore,"$466,458.04 ",102
2016,Jordan,"$461,023.45 ",17
2016,Japan,"$460,173.83 ",195
2016,Thailand,"$401,226.47 ",141
2016,Estonia,"$332,541.03 ",42
2016,Turkey,"$277,469.58 ",129
2016,Slovakia,"$258,021.78 ",60
2016,Kazakhstan,"$239,824.16 ",24
2016,Belgium,"$235,326.42 ",95
2016,Viet Nam,"$209,823.74 ",139
2016,Hong Kong,"$194,806.49 ",70
2016,New Zealand,"$169,364.29 ",65
2016,Mexico,"$157,136.82 ",84
2016,Czech Republic,"$152,142.30 ",137
2016,South Africa,"$150,501.19 ",122
2016,Italy,"$142,630.93 ",113
2016,Macao,"$141,875.60 ",5
2016,Portugal,"$131,555.58 ",164
2016,Saudi Arabia,"$112,904.65 ",11
2016,Peru,"$111,582.37 ",50
2016,Belarus,"$106,497.32 ",34
2016,Uzbekistan,"$105,042.20 ",2
2016,Mongolia,"$95,390.38 ",16
2016,Chile,"$94,679.51 ",98
2016,Colombia,"$88,031.77 ",29
2016,Bosnia and Herzegovina,"$83,513.39 ",9
2016,Argentina,"$82,977.02 ",111
2016,Indonesia,"$62,744.46 ",63
2016,Hungary,"$61,285.22 ",71
2016,Croatia,"$57,704.87 ",32
2016,Lithuania,"$57,487.97 ",48
2016,Ireland,"$55,079.83 ",24
2016,Slovenia,"$53,030.17 ",23
2016,India,"$52,399.16 ",142
2016,Serbia,"$50,892.21 ",48
2016,Latvia,"$42,185.92 ",48
2016,Lebanon,"$29,383.32 ",14
2016,United Arab Emirates,"$28,525.73 ",26
2016,Puerto Rico,"$28,080.70 ",5
2016,Austria,"$27,735.30 ",68
2016,Switzerland,"$25,909.19 ",52
2016,Kyrgyzstan,"$23,139.68 ",9
2016,Iceland,"$16,984.89 ",42
2016,Venezuela,"$15,312.23 ",23
2016,Bahrain,"$14,827.85 ",1
2016,Malta,"$12,635.40 ",81
2016,Egypt,"$12,098.50 ",12
2016,Montenegro,"$11,900.00 ",1
2016,Cuba,"$10,103.57 ",3
2016," Moldova, Republic of","$9,609.34 ",5
2016,Algeria,"$9,413.65 ",16
2016,Bolivia,"$7,838.32 ",3
2016,Dominican Republic,"$7,764.00 ",3
2016,Iraq,"$6,461.66 ",2
2016,Morocco,"$6,060.16 ",4
2016,Nicaragua,"$5,778.79 ",1
2016,Armenia,"$5,594.08 ",5
2016,Georgia,"$5,327.31 ",7
2016,Uruguay,"$4,869.00 ",16
2016,Kuwait,"$4,735.75 ",4
2016,Albania,"$4,450.00 ",1
2016,Azerbaijan,"$4,258.27 ",6
2016,Cambodia,"$3,507.25 ",5
2016,Panama,"$3,390.73 ",1
2016,Ecuador,"$3,182.55 ",6
2016,Syrian Arab Republic,"$2,696.85 ",2
2016,Tunisia,"$2,334.94 ",6
2016,Bangladesh,"$1,481.31 ",12
2016,Nepal,"$1,111.40 ",10
2016,Kenya,$907.56 ,1
2016," Kosovo, Republic of",$795.29 ,1
2016,Sri Lanka,$438.50 ,1
2016,Lao People's Democratic Republic,$245.50 ,1
2016,Guatemala,$224.00 ,1
2016,French Polynesia,$200.63 ,1
2016,Luxembourg,$154.87 ,1
2016,Andorra,$151.93 ,2
2016,Cyprus,$90.00 ,1
2016,Costa Rica,$67.26 ,2
2016,Faroe Islands,$50.00 ,1
2016,Saint Martin,$50.00 ,1
2016,Paraguay,$20.65 ,1
2016," Palestinian Territory, Occupied",$20.00 ,1
2016,Mauritius,$10.71 ,1
2015,China,"$14,205,015.02 ",708
2015,United States,"$13,222,465.48 ",2757
2015," Korea, Republic of","$6,572,373.65 ",616
2015,Sweden,"$4,027,982.58 ",533
2015,Canada,"$3,725,893.21 ",472
2015,Denmark,"$2,266,453.69 ",286
2015,Russian Federation,"$2,062,579.45 ",682
2015,Ukraine,"$2,024,058.30 ",174
2015,Pakistan,"$1,731,607.74 ",2
2015,Germany,"$1,718,335.56 ",741
2015,France,"$1,454,604.42 ",583
2015,United Kingdom,"$1,005,198.42 ",584
2015,Poland,"$953,988.50 ",361
2015,Singapore,"$859,627.33 ",123
2015," Taiwan, Republic of China","$680,553.66 ",113
2015,Japan,"$579,881.36 ",178
2015,Brazil,"$557,948.84 ",508
2015,Malaysia,"$514,344.84 ",136
2015,Australia,"$507,429.95 ",332
2015,Estonia,"$479,092.36 ",46
2015,Belarus,"$468,275.82 ",39
2015,Netherlands,"$457,800.03 ",214
2015,Romania,"$374,350.91 ",75
2015,Finland,"$359,220.14 ",244
2015,Spain,"$356,956.26 ",308
2015,Macao,"$319,566.58 ",1
2015,Israel,"$306,483.00 ",25
2015,Philippines,"$299,276.62 ",104
2015,Thailand,"$289,099.74 ",117
2015,Norway,"$270,008.73 ",138
2015,Jordan,"$254,906.87 ",16
2015,Viet Nam,"$241,036.65 ",132
2015,Bulgaria,"$169,266.53 ",98
2015,Portugal,"$152,081.98 ",136
2015,Slovakia,"$132,579.52 ",48
2015,Belgium,"$113,820.40 ",81
2015,Mexico,"$113,404.25 ",63
2015,Greece,"$112,868.33 ",102
2015,Chile,"$111,271.73 ",59
2015,Hong Kong,"$103,969.03 ",55
2015,Peru,"$91,616.69 ",32
2015,Czech Republic,"$88,737.31 ",112
2015,Argentina,"$88,454.82 ",110
2015,Italy,"$75,264.58 ",86
2015,Kazakhstan,"$65,086.28 ",49
2015,Serbia,"$64,830.58 ",81
2015,Saudi Arabia,"$60,388.07 ",7
2015,Turkey,"$57,356.61 ",76
2015,Hungary,"$49,990.43 ",103
2015,Slovenia,"$45,684.60 ",22
2015,Croatia,"$38,246.98 ",31
2015,New Zealand,"$38,203.26 ",35
2015,South Africa,"$36,129.83 ",170
2015,Indonesia,"$32,172.69 ",40
2015,Switzerland,"$30,116.40 ",38
2015,Latvia,"$29,465.50 ",44
2015,Venezuela,"$29,258.45 ",16
2015,Bosnia and Herzegovina,"$27,183.45 ",16
2015,Austria,"$24,888.04 ",54
2015,Uzbekistan,"$23,092.61 ",3
2015,Ireland,"$22,929.71 ",27
2015," Moldova, Republic of","$21,649.91 ",6
2015," Macedonia, The Former Yugoslav Republic of","$19,974.49 ",4
2015,Kuwait,"$18,134.14 ",11
2015,Iraq,"$15,031.98 ",5
2015,Puerto Rico,"$11,369.50 ",7
2015,Sri Lanka,"$10,572.47 ",1
2015,India,"$10,370.52 ",75
2015,Lithuania,"$9,569.88 ",57
2015,Lebanon,"$7,858.45 ",7
2015,Colombia,"$7,309.38 ",7
2015,Bolivia,"$6,529.60 ",2
2015,Afghanistan,"$6,126.51 ",1
2015,United Arab Emirates,"$5,935.74 ",15
2015,Algeria,"$5,915.70 ",6
2015,Malta,"$5,370.28 ",50
2015,Iceland,"$4,992.93 ",25
2015,Kyrgyzstan,"$4,522.39 ",10
2015,Cuba,"$3,194.90 ",3
2015,Uruguay,"$3,012.01 ",2
2015,Mongolia,"$2,852.56 ",8
2015,Nicaragua,"$2,584.55 ",1
2015,Azerbaijan,"$1,785.35 ",5
2015,Georgia,"$1,613.61 ",2
2015," Iran, Islamic Republic of","$1,394.00 ",6
2015,Morocco,"$1,309.41 ",6
2015,Bahrain,"$1,289.10 ",1
2015,Tunisia,$785.94 ,7
2015,Armenia,$596.44 ,3
2015,Brunei Darussalam,$495.90 ,5
2015,Egypt,$444.53 ,6
2015,Dominican Republic,$275.60 ,1
2015,Albania,$137.56 ,1
2015,Luxembourg,$108.17 ,2
2015,Cyprus,$107.21 ,1
2015,Montenegro,$100.01 ,1
2015,Faroe Islands,$54.01 ,1
2015,Panama,$47.50 ,1
2015,Ecuador,$37.50 ,2
2015,Jamaica,$30.00 ,1
2015,Liechtenstein,$28.47 ,1
2015,Maldives,$0.00 ,1
2014,China,"$12,107,983.81 ",420
2014," Korea, Republic of","$5,678,949.55 ",501
2014,United States,"$4,006,350.69 ",1786
2014,Sweden,"$2,100,181.24 ",367
2014,Canada,"$1,382,223.62 ",254
2014,Russian Federation,"$1,119,902.21 ",327
2014,Ukraine,"$998,938.93 ",95
2014,Germany,"$890,653.71 ",384
2014," Taiwan, Republic of China","$796,684.57 ",122
2014,Denmark,"$668,181.65 ",189
2014,France,"$662,811.71 ",359
2014,Malaysia,"$569,737.63 ",64
2014,Poland,"$463,108.47 ",195
2014,Singapore,"$436,748.88 ",59
2014,Netherlands,"$358,062.43 ",105
2014,Romania,"$308,106.44 ",56
2014,United Kingdom,"$302,442.52 ",316
2014,Australia,"$251,144.53 ",135
2014,Finland,"$234,554.47 ",202
2014,Brazil,"$231,134.82 ",150
2014,Estonia,"$229,422.58 ",18
2014,Norway,"$197,287.00 ",84
2014,Spain,"$193,625.17 ",163
2014,Japan,"$165,895.30 ",99
2014,Macao,"$149,017.41 ",2
2014,Turkey,"$142,183.93 ",59
2014,Philippines,"$130,797.34 ",55
2014,Viet Nam,"$126,849.33 ",74
2014,Hong Kong,"$125,949.44 ",53
2014,Mexico,"$97,489.81 ",27
2014,Belarus,"$92,883.61 ",30
2014,Israel,"$64,725.19 ",9
2014,Belgium,"$58,758.36 ",57
2014,Argentina,"$56,007.12 ",36
2014,Thailand,"$49,950.17 ",33
2014,Peru,"$43,229.50 ",17
2014,Greece,"$40,013.34 ",65
2014,Chile,"$39,469.83 ",34
2014,Hungary,"$35,304.65 ",32
2014,Slovakia,"$34,674.33 ",32
2014,Czech Republic,"$34,419.75 ",56
2014,Kazakhstan,"$30,581.57 ",35
2014," Moldova, Republic of","$28,639.52 ",3
2014,Austria,"$22,554.91 ",25
2014,Italy,"$21,453.36 ",42
2014,Portugal,"$21,127.72 ",63
2014,Switzerland,"$18,331.49 ",17
2014,Uruguay,"$17,257.19 ",3
2014,Bulgaria,"$17,156.36 ",39
2014,Morocco,"$17,155.71 ",3
2014,Venezuela,"$15,935.35 ",8
2014,Ireland,"$14,434.81 ",11
2014,Serbia,"$13,339.07 ",18
2014,New Zealand,"$11,895.00 ",15
2014,Indonesia,"$10,572.25 ",16
2014,Colombia,"$9,800.00 ",11
2014,Lithuania,"$9,591.14 ",38
2014,Croatia,"$9,467.73 ",31
2014,Uzbekistan,"$8,878.74 ",1
2014,Slovenia,"$7,466.79 ",13
2014,Armenia,"$5,300.00 ",1
2014,Tunisia,"$5,137.02 ",2
2014,Latvia,"$4,694.70 ",10
2014,Malta,"$4,612.88 ",48
2014,South Africa,"$4,270.20 ",30
2014," Iran, Islamic Republic of","$4,128.87 ",2
2014,Bolivia,"$3,911.60 ",1
2014,Iceland,"$3,834.31 ",7
2014,Bosnia and Herzegovina,"$3,532.71 ",8
2014,Azerbaijan,"$3,500.00 ",6
2014,Costa Rica,"$3,500.00 ",1
2014,Panama,"$3,500.00 ",1
2014,Cuba,"$3,400.00 ",2
2014,Iraq,"$2,600.00 ",1
2014,India,"$2,152.27 ",9
2014,Puerto Rico,"$2,102.07 ",2
2014,Mongolia,"$1,274.00 ",2
2014,Ecuador,"$1,200.00 ",1
2014,Saudi Arabia,$981.33 ,2
2014,Afghanistan,$632.46 ,2
2014,Albania,$527.07 ,3
2014,Georgia,$500.00 ,1
2014,Luxembourg,$411.45 ,3
2014,Bahrain,$373.34 ,1
2014," Macedonia, The Former Yugoslav Republic of",$227.10 ,1
2014,Montenegro,$187.05 ,5
2014,Brunei Darussalam,$91.60 ,5
2014,Cyprus,$31.15 ,1
2013," Korea, Republic of","$5,443,207.42 ",459
2013,United States,"$3,733,179.59 ",1155
2013,Sweden,"$2,732,638.41 ",273
2013,China,"$2,222,832.74 ",267
2013,Ukraine,"$663,569.39 ",84
2013,Germany,"$577,875.84 ",336
2013,Canada,"$515,084.78 ",186
2013,France,"$511,674.35 ",305
2013,Russian Federation,"$479,368.01 ",320
2013,Malaysia,"$412,760.28 ",63
2013,Denmark,"$258,698.62 ",153
2013," Taiwan, Republic of China","$242,875.01 ",45
2013,Poland,"$230,900.25 ",149
2013,Estonia,"$217,960.90 ",15
2013,Spain,"$217,147.55 ",98
2013,Hong Kong,"$208,965.13 ",45
2013,United Kingdom,"$195,248.30 ",251
2013,Netherlands,"$183,371.16 ",88
2013,Finland,"$159,409.48 ",130
2013,Brazil,"$135,594.77 ",81
2013,Singapore,"$125,155.15 ",69
2013,Philippines,"$98,663.20 ",41
2013,Norway,"$96,767.62 ",60
2013,Japan,"$88,949.70 ",65
2013,Belgium,"$86,359.71 ",35
2013,Lithuania,"$79,249.81 ",23
2013,Australia,"$74,263.65 ",30
2013,Mexico,"$68,384.71 ",32
2013,Turkey,"$57,515.46 ",33
2013,Ireland,"$52,043.87 ",7
2013,Viet Nam,"$43,867.99 ",92
2013,Bulgaria,"$38,462.68 ",11
2013,Italy,"$34,358.80 ",49
2013,Belarus,"$32,069.36 ",19
2013,Czech Republic,"$30,352.06 ",54
2013,Thailand,"$27,498.09 ",37
2013,Israel,"$25,870.41 ",4
2013,Kazakhstan,"$25,067.44 ",33
2013,Armenia,"$17,287.45 ",2
2013,Macao,"$16,213.62 ",1
2013,Morocco,"$15,709.47 ",5
2013,Romania,"$15,421.92 ",28
2013,Serbia,"$14,832.88 ",22
2013,Switzerland,"$13,597.35 ",13
2013,Argentina,"$13,522.94 ",14
2013,Greece,"$12,594.95 ",22
2013,Peru,"$12,179.66 ",18
2013,Indonesia,"$11,000.00 ",10
2013," Iran, Islamic Republic of","$10,785.88 ",4
2013,Venezuela,"$10,465.16 ",5
2013,Austria,"$10,123.00 ",15
2013,Slovakia,"$9,532.80 ",26
2013,Portugal,"$8,893.51 ",40
2013,Croatia,"$8,767.97 ",10
2013,Azerbaijan,"$7,900.00 ",11
2013,Hungary,"$6,323.66 ",28
2013,Uruguay,"$6,000.00 ",1
2013,Chile,"$5,948.79 ",12
2013,Bosnia and Herzegovina,"$5,061.94 ",5
2013,Slovenia,"$3,807.28 ",9
2013,Puerto Rico,"$3,538.10 ",2
2013,New Zealand,"$3,527.05 ",4
2013,Cuba,"$3,000.00 ",1
2013,Malta,"$2,536.00 ",33
2013,Kuwait,"$2,000.00 ",5
2013,Åland Islands,"$1,477.38 ",13
2013,United Arab Emirates,"$1,200.00 ",2
2013,Iceland,$820.90 ,7
2013,Jordan,$800.00 ,4
2013,Paraguay,$600.00 ,1
2013," Macedonia, The Former Yugoslav Republic of",$550.00 ,5
2013,Latvia,$533.83 ,2
2013,Bolivia,$451.60 ,1
2013," Moldova, Republic of",$437.14 ,3
2013,Costa Rica,$400.00 ,1
2013,Saudi Arabia,$255.00 ,1
2013,Albania,$216.77 ,1
2013,Faroe Islands,$40.00 ,1
2012," Korea, Republic of","$3,784,693.88 ",395
2012,China,"$2,038,215.07 ",213
2012,United States,"$1,309,276.23 ",689
2012," Taiwan, Republic of China","$883,755.48 ",31
2012,Russian Federation,"$665,338.12 ",307
2012,Sweden,"$509,256.97 ",248
2012,Germany,"$460,337.36 ",318
2012,France,"$455,180.28 ",274
2012,Canada,"$450,004.00 ",172
2012,Ukraine,"$331,869.53 ",94
2012,Poland,"$311,833.81 ",122
2012,Denmark,"$295,502.56 ",154
2012,Malaysia,"$284,709.40 ",29
2012,Hong Kong,"$213,427.99 ",14
2012,Spain,"$198,551.71 ",124
2012,United Kingdom,"$186,429.54 ",194
2012,Finland,"$111,664.15 ",155
2012,Netherlands,"$104,708.41 ",80
2012,Japan,"$92,747.62 ",31
2012,Belgium,"$92,673.43 ",36
2012,Brazil,"$84,210.36 ",46
2012,Singapore,"$79,249.31 ",58
2012,Viet Nam,"$74,200.01 ",25
2012,Estonia,"$66,213.25 ",9
2012,Norway,"$65,759.00 ",47
2012,Armenia,"$62,677.24 ",1
2012,Philippines,"$61,299.50 ",44
2012,Australia,"$59,346.14 ",66
2012,Macao,"$43,568.82 ",1
2012,Lithuania,"$37,862.67 ",12
2012,Belarus,"$36,340.09 ",20
2012,Mexico,"$31,401.50 ",15
2012,Chile,"$25,261.40 ",11
2012,Italy,"$24,912.09 ",14
2012,Kazakhstan,"$23,333.46 ",110
2012,Croatia,"$23,141.80 ",16
2012,Romania,"$20,794.24 ",39
2012,Austria,"$19,104.76 ",8
2012,Switzerland,"$18,666.51 ",10
2012,Portugal,"$15,982.90 ",59
2012,Venezuela,"$15,046.47 ",2
2012,Peru,"$13,654.55 ",9
2012,New Zealand,"$13,310.85 ",20
2012,Thailand,"$12,788.84 ",26
2012,Israel,"$11,869.59 ",8
2012,Serbia,"$10,825.60 ",23
2012,Cuba,"$10,500.00 ",1
2012,Bulgaria,"$9,420.46 ",22
2012,Argentina,"$6,907.20 ",29
2012,Slovakia,"$6,499.48 ",15
2012,Czech Republic,"$5,926.50 ",29
2012,Ireland,"$4,494.68 ",8
2012,Turkey,"$3,069.43 ",23
2012,Indonesia,"$3,000.00 ",6
2012,Azerbaijan,"$2,500.00 ",5
2012,India,"$2,413.00 ",7
2012," Macedonia, The Former Yugoslav Republic of","$2,134.78 ",6
2012,Mongolia,"$2,000.00 ",5
2012,Hungary,"$1,917.02 ",11
2012,Bosnia and Herzegovina,"$1,904.48 ",3
2012,Malta,"$1,803.78 ",8
2012,Greece,"$1,529.24 ",22
2012,Åland Islands,"$1,260.00 ",12
2012,Colombia,"$1,200.00 ",2
2012,Puerto Rico,$817.50 ,1
2012,Lebanon,$600.00 ,2
2012,Bahrain,$500.00 ,1
2012,Slovenia,$427.25 ,8
2012,South Africa,$307.47 ,1
2012,Iceland,$203.54 ,2
2012,Costa Rica,$150.00 ,1
2012," Iran, Islamic Republic of",$128.69 ,1
2012,Kuwait,$105.32 ,1
2012,Latvia,$54.63 ,1
2012,Morocco,$32.60 ,1
2012,Saudi Arabia,$0.00 ,1
2011," Korea, Republic of","$2,736,830.06 ",303
2011,United States,"$2,068,595.37 ",773
2011,Ukraine,"$829,074.10 ",55
2011,China,"$725,732.87 ",149
2011,United Kingdom,"$479,218.80 ",199
2011,Sweden,"$475,467.60 ",148
2011,Russian Federation,"$400,454.50 ",129
2011,France,"$361,524.07 ",235
2011,Germany,"$335,984.77 ",207
2011,Poland,"$275,889.05 ",81
2011,Canada,"$219,431.73 ",128
2011,Estonia,"$204,897.31 ",19
2011,Denmark,"$194,704.61 ",116
2011,Singapore,"$154,054.25 ",21
2011,Finland,"$109,363.77 ",85
2011," Taiwan, Republic of China","$72,139.74 ",19
2011,Japan,"$59,438.30 ",15
2011,Netherlands,"$54,215.54 ",58
2011,Spain,"$49,564.20 ",45
2011,Portugal,"$32,290.21 ",36
2011,Thailand,"$31,298.69 ",10
2011,Kazakhstan,"$28,410.89 ",207
2011,Belgium,"$26,678.09 ",31
2011,Brazil,"$26,422.21 ",31
2011,Norway,"$25,278.70 ",29
2011,Malaysia,"$24,160.59 ",20
2011,Italy,"$23,294.41 ",18
2011,Australia,"$22,930.20 ",23
2011,Romania,"$18,654.83 ",29
2011,Belarus,"$17,573.40 ",11
2011,Serbia,"$15,973.69 ",31
2011,Slovakia,"$14,308.75 ",8
2011,Bosnia and Herzegovina,"$13,994.39 ",2
2011,Austria,"$13,884.61 ",29
2011,Bulgaria,"$13,036.75 ",29
2011,Cuba,"$12,000.00 ",1
2011,Israel,"$11,675.48 ",9
2011,Mexico,"$11,283.00 ",4
2011,Kyrgyzstan,"$11,281.99 ",8
2011,Croatia,"$10,982.40 ",8
2011,Philippines,"$10,636.26 ",14
2011,Macao,"$10,327.42 ",1
2011,Peru,"$9,316.74 ",8
2011,Chile,"$8,009.04 ",2
2011,Turkey,"$7,182.92 ",10
2011,Hong Kong,"$6,815.84 ",15
2011,Czech Republic,"$5,841.70 ",20
2011,Switzerland,"$5,489.45 ",6
2011,Colombia,"$5,000.00 ",1
2011,Iceland,"$5,000.00 ",1
2011,Saudi Arabia,"$3,972.00 ",1
2011,South Africa,"$3,209.35 ",11
2011,Lithuania,"$3,137.96 ",12
2011,New Zealand,"$3,010.18 ",3
2011,United Arab Emirates,"$3,003.00 ",7
2011," Macedonia, The Former Yugoslav Republic of","$2,730.00 ",8
2011,Hungary,"$2,709.57 ",10
2011,Uzbekistan,"$2,649.59 ",8
2011,Viet Nam,"$2,239.40 ",22
2011,Puerto Rico,"$2,224.50 ",2
2011,Indonesia,"$2,000.00 ",5
2011,Ireland,"$1,362.61 ",6
2011,Venezuela,"$1,357.14 ",1
2011,Lebanon,$666.67 ,1
2011,Latvia,$482.49 ,13
2011,Greece,$427.85 ,10
2011,Panama,$400.00 ,1
2011,Armenia,$278.60 ,1
2011,India,$273.00 ,1
2011,Pakistan,$273.00 ,1
2011," Iran, Islamic Republic of",$137.64 ,1
2011,Morocco,$83.25 ,1
2010,United States,"$1,592,054.33 ",632
2010," Korea, Republic of","$1,454,914.00 ",253
2010,Sweden,"$396,131.87 ",168
2010,China,"$342,911.30 ",107
2010,Germany,"$340,837.45 ",473
2010,Ukraine,"$272,262.63 ",87
2010,France,"$228,378.19 ",205
2010,Russian Federation,"$173,172.72 ",153
2010,Denmark,"$157,860.82 ",116
2010,Canada,"$131,693.43 ",111
2010,United Kingdom,"$117,050.74 ",183
2010,Brazil,"$94,017.91 ",43
2010,Finland,"$90,040.65 ",105
2010,Poland,"$88,194.16 ",62
2010,Kazakhstan,"$52,204.30 ",73
2010,Netherlands,"$50,565.08 ",64
2010,Italy,"$42,598.94 ",15
2010,Japan,"$39,709.04 ",20
2010,Belarus,"$34,430.90 ",4
2010,Norway,"$30,380.33 ",48
2010,Austria,"$20,018.77 ",33
2010,Peru,"$19,641.74 ",5
2010,Australia,"$18,683.11 ",25
2010,Belgium,"$16,542.52 ",33
2010,Thailand,"$15,697.88 ",5
2010," Taiwan, Republic of China","$14,679.41 ",26
2010,Spain,"$13,362.14 ",36
2010,Portugal,"$11,851.38 ",37
2010,Singapore,"$11,356.72 ",15
2010,Argentina,"$11,292.86 ",8
2010,Turkey,"$10,234.69 ",14
2010,Hungary,"$9,302.64 ",5
2010,Czech Republic,"$8,658.87 ",15
2010,Malaysia,"$8,097.47 ",18
2010,Mexico,"$7,000.00 ",6
2010,Bulgaria,"$6,044.99 ",13
2010,Viet Nam,"$5,363.10 ",25
2010,Slovakia,"$5,025.99 ",7
2010,Serbia,"$4,609.55 ",3
2010,Switzerland,"$4,559.10 ",10
2010,Romania,"$4,053.15 ",19
2010,Bosnia and Herzegovina,"$3,416.27 ",1
2010,Malta,"$2,508.10 ",12
2010,Estonia,"$2,357.36 ",6
2010,Hong Kong,"$2,280.45 ",11
2010,Israel,"$1,715.02 ",1
2010,Ireland,"$1,618.91 ",8
2010,Indonesia,"$1,038.35 ",6
2010,Lithuania,"$1,031.62 ",4
2010,Croatia,$897.68 ,2
2010,Latvia,$408.71 ,1
2010,India,$354.15 ,1
2010,Philippines,$300.00 ,5
2010,New Zealand,$296.83 ,2
2010,South Africa,$179.29 ,2
2010,Pakistan,$140.00 ,1
2010,Chile,$90.00 ,2
2010,Egypt,$77.98 ,1
2010,Morocco,$13.93 ,1
2009," Korea, Republic of","$933,787.70 ",130
2009,United States,"$710,278.12 ",817
2009,Sweden,"$440,534.36 ",131
2009,China,"$338,757.87 ",104
2009,Germany,"$290,858.46 ",207
2009,Denmark,"$157,473.35 ",106
2009,France,"$146,854.12 ",172
2009,Russian Federation,"$129,295.55 ",127
2009,Poland,"$121,890.50 ",44
2009,United Kingdom,"$112,127.19 ",125
2009,Netherlands,"$69,096.88 ",48
2009,Ukraine,"$64,924.79 ",74
2009,Finland,"$58,097.78 ",67
2009,Spain,"$57,170.46 ",31
2009,Kazakhstan,"$48,993.10 ",53
2009,Canada,"$44,715.25 ",105
2009,Norway,"$28,500.55 ",42
2009,Japan,"$23,025.75 ",8
2009,Bulgaria,"$20,818.08 ",38
2009,Slovakia,"$19,790.28 ",5
2009,Belgium,"$14,029.98 ",22
2009,Czech Republic,"$12,843.80 ",13
2009,Singapore,"$12,124.30 ",15
2009,Italy,"$9,981.79 ",8
2009,Austria,"$8,999.88 ",15
2009,Belarus,"$8,658.88 ",12
2009,Brazil,"$7,800.00 ",11
2009,Turkey,"$7,640.91 ",7
2009," Taiwan, Republic of China","$7,000.00 ",1
2009,Bosnia and Herzegovina,"$6,615.03 ",1
2009,Uruguay,"$6,000.00 ",1
2009,Mexico,"$5,050.00 ",2
2009,Malaysia,"$5,048.10 ",12
2009,Croatia,"$4,700.00 ",1
2009,Hungary,"$4,653.41 ",2
2009,Serbia,"$4,000.00 ",1
2009,Argentina,"$3,660.00 ",15
2009,Malta,"$3,396.00 ",14
2009,Australia,"$3,000.00 ",1
2009,Portugal,"$2,923.24 ",9
2009,Hong Kong,"$2,500.00 ",1
2009,Chile,"$2,248.35 ",5
2009,Estonia,"$2,017.87 ",9
2009,Latvia,"$1,507.09 ",6
2009,Ireland,"$1,279.18 ",4
2009,Viet Nam,"$1,263.25 ",22
2009,Pakistan,"$1,100.00 ",6
2009,Switzerland,"$1,041.84 ",3
2009,Uzbekistan,"$1,000.00 ",5
2009,Peru,$787.27 ,2
2009,United Arab Emirates,$600.00 ,6
2009,Indonesia,$600.00 ,2
2009,Slovenia,$553.12 ,1
2009,Iceland,$426.50 ,1
2009," Iran, Islamic Republic of",$420.12 ,1
2009,Algeria,$222.27 ,1
2009,Ecuador,$182.62 ,1
2009,Lithuania,$180.53 ,2
2009,India,$100.00 ,1
2009,Philippines,$100.00 ,1
2009,Saudi Arabia,$0.00 ,1
2008,United States,"$1,540,604.56 ",501
2008," Korea, Republic of","$1,506,629.08 ",211
2008,United Kingdom,"$828,555.83 ",205
2008,Sweden,"$518,539.40 ",138
2008,Germany,"$464,532.10 ",200
2008,China,"$297,627.68 ",97
2008,Denmark,"$261,249.82 ",114
2008,Russian Federation,"$217,196.40 ",205
2008,France,"$194,496.71 ",138
2008,Canada,"$166,419.94 ",60
2008,Netherlands,"$148,190.69 ",64
2008,Poland,"$125,015.15 ",24
2008,Ukraine,"$106,744.51 ",60
2008,Spain,"$101,362.28 ",48
2008,Finland,"$95,177.60 ",85
2008,Brazil,"$66,636.40 ",11
2008,Italy,"$60,765.25 ",23
2008,Portugal,"$56,184.38 ",22
2008,Singapore,"$55,469.50 ",20
2008,Australia,"$47,000.00 ",11
2008,Austria,"$43,786.37 ",12
2008,Mexico,"$30,035.95 ",11
2008,Japan,"$28,931.00 ",9
2008,Belgium,"$26,817.85 ",26
2008,Czech Republic,"$23,175.37 ",14
2008,Belarus,"$22,583.33 ",3
2008,Romania,"$20,477.40 ",10
2008,Norway,"$12,800.91 ",30
2008,Slovakia,"$12,206.91 ",6
2008,Hungary,"$11,521.20 ",18
2008,Malaysia,"$8,000.00 ",5
2008,Croatia,"$7,258.34 ",2
2008,Bulgaria,"$5,849.44 ",7
2008,Malta,"$3,148.29 ",9
2008,Argentina,"$3,000.00 ",1
2008,Turkey,"$2,475.84 ",8
2008,Switzerland,"$2,012.79 ",4
2008,Iceland,"$1,407.62 ",1
2008,Estonia,"$1,332.96 ",2
2008,Serbia,"$1,080.00 ",1
2008," Taiwan, Republic of China","$1,000.00 ",1
2008,Hong Kong,$995.48 ,2
2008,Lithuania,$816.50 ,6
2008,Slovenia,$666.48 ,1
2008,Ireland,$655.20 ,2
2008,Latvia,$648.90 ,1
2008,South Africa,$404.83 ,1
2008,Ecuador,$347.74 ,1
2008,Kazakhstan,$329.67 ,1
2008,Puerto Rico,$222.00 ,2
2008,Chile,$175.00 ,1
2008,Pakistan,$50.00 ,1
2007,United States,"$2,038,886.01 ",621
2007," Korea, Republic of","$1,523,228.07 ",142
2007,Sweden,"$466,249.41 ",144
2007,Germany,"$377,525.88 ",208
2007,Canada,"$322,636.50 ",112
2007,Russian Federation,"$271,518.30 ",180
2007,China,"$217,339.16 ",91
2007,France,"$202,227.40 ",115
2007,Poland,"$198,341.06 ",47
2007,Denmark,"$193,117.38 ",87
2007,United Kingdom,"$187,310.46 ",115
2007,Finland,"$126,690.70 ",60
2007,Netherlands,"$125,706.57 ",40
2007,Ukraine,"$116,138.80 ",107
2007,Brazil,"$101,838.71 ",46
2007,Norway,"$88,999.16 ",51
2007,Singapore,"$36,095.55 ",15
2007,Mexico,"$35,100.00 ",16
2007,Japan,"$30,557.13 ",14
2007,Australia,"$23,783.82 ",22
2007,Italy,"$23,333.43 ",17
2007,Spain,"$21,526.68 ",26
2007,Austria,"$19,102.13 ",15
2007,Serbia,"$13,266.67 ",1
2007,Bulgaria,"$11,581.74 ",8
2007,Belarus,"$10,296.82 ",4
2007,Belgium,"$9,034.69 ",6
2007,Estonia,"$6,464.67 ",4
2007,Kazakhstan,"$5,471.00 ",8
2007,Slovenia,"$5,342.39 ",2
2007,Turkey,"$4,496.83 ",6
2007,Switzerland,"$3,975.38 ",16
2007,Hungary,"$3,469.46 ",13
2007,Hong Kong,"$3,428.56 ",4
2007," Taiwan, Republic of China","$3,406.97 ",2
2007,Ireland,"$3,363.23 ",3
2007,Peru,"$3,116.40 ",3
2007,Croatia,"$2,971.63 ",3
2007,Latvia,"$2,968.55 ",2
2007,Portugal,"$2,888.03 ",8
2007,Romania,"$2,700.00 ",15
2007,Czech Republic,"$2,236.44 ",6
2007,Viet Nam,$866.67 ,2
2007,Argentina,$800.00 ,2
2007,Slovakia,$795.48 ,2
2007,Iceland,$395.78 ,1
2007,Chile,$387.30 ,3
2007," Moldova, Republic of",$98.00 ,5
2006,United States,"$1,552,009.46 ",390
2006," Korea, Republic of","$945,532.78 ",135
2006,Sweden,"$577,277.48 ",113
2006,Germany,"$383,884.59 ",181
2006,China,"$362,815.86 ",95
2006,Russian Federation,"$357,204.67 ",175
2006,France,"$205,848.11 ",86
2006,Poland,"$117,577.46 ",29
2006,Brazil,"$113,742.45 ",56
2006,Netherlands,"$107,079.41 ",46
2006,Norway,"$101,186.43 ",50
2006,Ukraine,"$73,683.57 ",76
2006,Denmark,"$69,003.91 ",66
2006,Spain,"$60,778.70 ",23
2006,Canada,"$59,508.44 ",36
2006,Finland,"$56,104.86 ",45
2006,United Kingdom,"$39,707.06 ",42
2006,Estonia,"$38,138.25 ",13
2006,Austria,"$35,351.35 ",11
2006,Italy,"$25,388.84 ",16
2006,Japan,"$25,100.12 ",15
2006,Australia,"$20,270.50 ",11
2006,Belarus,"$19,669.11 ",7
2006,Romania,"$17,073.70 ",12
2006,Bulgaria,"$14,753.05 ",6
2006,Croatia,"$10,250.47 ",3
2006,Mexico,"$10,020.00 ",4
2006,Belgium,"$7,178.90 ",9
2006,Czech Republic,"$5,061.06 ",4
2006,Portugal,"$3,802.25 ",30
2006,Peru,"$3,200.00 ",3
2006,Turkey,"$2,608.70 ",4
2006,Malaysia,"$2,500.00 ",5
2006,Kazakhstan,"$2,431.10 ",11
2006,Greece,"$2,370.00 ",6
2006,Ireland,"$1,903.50 ",5
2006,Argentina,"$1,632.74 ",7
2006,Thailand,"$1,450.00 ",1
2006,Switzerland,"$1,189.55 ",3
2006,Serbia,"$1,102.67 ",1
2006,Hong Kong,"$1,000.00 ",1
2006,Israel,$866.67 ,1
2006,Indonesia,$823.23 ,6
2006,South Africa,$770.71 ,5
2006,Hungary,$696.32 ,3
2006,Slovakia,$500.00 ,5
2006,Venezuela,$350.00 ,2
2006," Taiwan, Republic of China",$310.15 ,1
2006,Colombia,$300.00 ,1
2006,Viet Nam,$264.90 ,19
2006," Iran, Islamic Republic of",$88.84 ,1
2006,Malta,$70.00 ,1
2006,Slovenia,$37.50 ,1
2006,Morocco,$25.59 ,1
2005,United States,"$843,732.98 ",302
2005," Korea, Republic of","$785,699.90 ",99
2005,Germany,"$422,060.86 ",172
2005,Sweden,"$400,809.34 ",110
2005,Netherlands,"$265,807.96 ",14
2005,China,"$217,750.15 ",78
2005,Italy,"$180,460.23 ",6
2005,Russian Federation,"$178,385.27 ",138
2005,Norway,"$134,803.76 ",55
2005,Canada,"$122,441.67 ",29
2005,Denmark,"$90,554.67 ",59
2005,Brazil,"$83,615.15 ",43
2005,France,"$82,250.96 ",58
2005,Austria,"$57,345.96 ",14
2005,United Kingdom,"$53,969.54 ",13
2005,Spain,"$35,343.64 ",26
2005,Finland,"$31,744.32 ",31
2005,Poland,"$31,556.40 ",14
2005,Estonia,"$30,833.37 ",11
2005,Kazakhstan,"$25,000.00 ",5
2005,Japan,"$18,275.00 ",19
2005,Bulgaria,"$16,349.85 ",8
2005,Ukraine,"$14,522.68 ",38
2005,Saudi Arabia,"$13,000.00 ",1
2005,Singapore,"$10,000.00 ",1
2005,Australia,"$7,400.00 ",5
2005,Belgium,"$7,306.75 ",7
2005,Serbia,"$6,500.00 ",6
2005,Lithuania,"$5,911.20 ",1
2005,Hungary,"$5,591.25 ",2
2005,Slovenia,"$4,166.67 ",1
2005,Croatia,"$3,494.09 ",1
2005,Turkey,"$2,802.15 ",6
2005,Argentina,"$2,400.00 ",16
2005,Romania,"$1,500.00 ",6
2005,Belarus,"$1,312.26 ",11
2005,Israel,"$1,300.00 ",1
2005,Thailand,"$1,268.39 ",1
2005,Czech Republic,$889.82 ,1
2005,New Zealand,$600.00 ,1
2005,Chile,$575.00 ,6
2005,Viet Nam,$450.00 ,6
2005,Malta,$350.00 ,1
2005,Iceland,$157.79 ,1
2005,Venezuela,$150.00 ,1
2005,Greece,$119.49 ,1
2005,Hong Kong,$100.00 ,1
2005,Portugal,$50.00 ,1
2004," Korea, Republic of","$697,490.26 ",185
2004,United States,"$441,990.07 ",230
2004,Sweden,"$307,269.88 ",116
2004,Germany,"$286,993.29 ",97
2004,China,"$185,247.92 ",102
2004,Russian Federation,"$140,243.34 ",137
2004,Netherlands,"$123,888.74 ",9
2004,Denmark,"$110,691.22 ",25
2004,France,"$63,226.90 ",41
2004,Brazil,"$59,958.45 ",59
2004,Finland,"$55,440.40 ",42
2004,Norway,"$48,166.04 ",48
2004,Canada,"$36,791.62 ",22
2004,Austria,"$33,292.85 ",17
2004,Bulgaria,"$16,470.26 ",13
2004,Poland,"$16,019.78 ",16
2004,Singapore,"$14,800.00 ",6
2004,Venezuela,"$14,300.00 ",2
2004,Ukraine,"$13,878.75 ",67
2004,United Kingdom,"$12,788.84 ",14
2004,Italy,"$10,680.00 ",5
2004,Portugal,"$8,928.00 ",18
2004,Argentina,"$7,250.00 ",2
2004,Spain,"$5,634.34 ",24
2004,Japan,"$5,278.00 ",11
2004,Czech Republic,"$5,274.57 ",10
2004,Romania,"$3,897.00 ",6
2004,Croatia,"$3,802.57 ",1
2004,Belarus,"$2,802.66 ",9
2004,Hong Kong,"$2,625.00 ",7
2004,Serbia,"$2,476.50 ",1
2004,Thailand,"$1,590.22 ",1
2004,Greece,"$1,571.40 ",9
2004,Peru,"$1,500.00 ",2
2004,Ireland,"$1,250.00 ",1
2004,Israel,"$1,200.00 ",2
2004,Chile,"$1,000.00 ",5
2004,Hungary,"$1,000.00 ",5
2004,Saudi Arabia,"$1,000.00 ",1
2004,Uruguay,$500.00 ,1
2004,Viet Nam,$100.00 ,5
2004," Taiwan, Republic of China",$65.00 ,3
2004,Slovenia,$50.00 ,2
2004,Malta,$33.33 ,1
2004,Bahrain,$25.00 ,1
2004," Iran, Islamic Republic of",$20.00 ,1
2003,Sweden,"$363,419.30 ",101
2003," Korea, Republic of","$272,865.66 ",72
2003,United States,"$266,624.28 ",180
2003,Germany,"$238,564.77 ",65
2003,Norway,"$73,150.51 ",8
2003,Russian Federation,"$61,292.20 ",105
2003,France,"$46,445.92 ",33
2003,Bulgaria,"$37,258.38 ",6
2003,Netherlands,"$36,759.92 ",12
2003,United Kingdom,"$31,958.36 ",16
2003,Spain,"$30,122.92 ",29
2003," Taiwan, Republic of China","$29,100.00 ",5
2003,Canada,"$28,641.71 ",15
2003,China,"$25,950.00 ",19
2003,Denmark,"$25,393.92 ",31
2003,Italy,"$23,892.18 ",4
2003,Austria,"$15,658.35 ",6
2003,Brazil,"$12,575.50 ",16
2003,Finland,"$11,352.45 ",17
2003,Poland,"$10,830.38 ",10
2003,Kazakhstan,"$10,280.00 ",13
2003,Ukraine,"$7,494.05 ",44
2003,Romania,"$5,287.18 ",1
2003,Australia,"$5,030.00 ",2
2003,Argentina,"$4,130.00 ",2
2003,Belarus,"$2,869.55 ",22
2003,Singapore,"$2,000.00 ",5
2003,Serbia,"$1,600.00 ",1
2003,Iceland,"$1,500.00 ",5
2003,Lithuania,"$1,400.00 ",1
2003,Belgium,"$1,307.14 ",2
2003,Hong Kong,"$1,195.36 ",1
2003,Czech Republic,"$1,121.05 ",6
2003,Israel,$650.00 ,1
2003,Greece,$431.00 ,1
2003,Hungary,$368.22 ,1
2003,Viet Nam,$327.77 ,1
2003,Croatia,$240.62 ,1
2003,Portugal,$210.00 ,1
2003,Ireland,$100.02 ,1
2003,Estonia,$50.00 ,1
2003,Japan,$0.00 ,10
2002,United States,"$169,229.30 ",181
2002," Korea, Republic of","$142,744.26 ",28
2002,Germany,"$120,206.98 ",67
2002,Russian Federation,"$110,308.90 ",39
2002,Sweden,"$102,648.92 ",57
2002,Canada,"$63,866.68 ",30
2002,Norway,"$28,235.00 ",10
2002,Japan,"$26,500.00 ",4
2002,United Kingdom,"$24,886.70 ",10
2002,France,"$20,717.66 ",16
2002,Netherlands,"$14,083.33 ",8
2002," Taiwan, Republic of China","$11,000.00 ",2
2002,China,"$10,400.00 ",7
2002,Spain,"$10,300.00 ",2
2002,Denmark,"$6,193.46 ",14
2002,Austria,"$5,093.89 ",4
2002,Poland,"$5,033.33 ",2
2002,New Zealand,"$5,000.00 ",1
2002,Italy,"$4,500.00 ",1
2002,Finland,"$4,244.80 ",6
2002,Brazil,"$3,536.60 ",21
2002,Kazakhstan,"$3,500.00 ",10
2002,Argentina,"$3,400.00 ",2
2002,Australia,"$3,250.00 ",6
2002,Czech Republic,"$3,000.00 ",5
2002,Hong Kong,"$1,750.00 ",1
2002,Ukraine,"$1,750.00 ",1
2002,Viet Nam,"$1,589.83 ",1
2002,Chile,"$1,500.00 ",8
2002,Singapore,"$1,250.00 ",5
2002,Portugal,"$1,000.00 ",1
2002,South Africa,"$1,000.00 ",1
2002,Lithuania,$600.00 ,1
2002,Israel,$300.00 ,1
2002,Serbia,$300.00 ,1
2002,Jamaica,$83.33 ,1
2002,Bulgaria,$50.00 ,1
2001,United States,"$196,572.65 ",74
2001," Korea, Republic of","$160,590.09 ",46
2001,Sweden,"$97,170.85 ",33
2001,Germany,"$77,020.45 ",44
2001,Canada,"$54,525.00 ",26
2001,Russian Federation,"$42,230.48 ",26
2001," Taiwan, Republic of China","$40,500.00 ",3
2001,France,"$28,175.56 ",35
2001,Denmark,"$18,099.14 ",12
2001,China,"$17,000.00 ",5
2001,Italy,"$16,525.00 ",6
2001,Norway,"$15,882.21 ",8
2001,Finland,"$15,110.55 ",20
2001,United Kingdom,"$9,913.59 ",11
2001,Netherlands,"$9,795.37 ",7
2001,Kazakhstan,"$7,500.00 ",8
2001,Australia,"$5,985.30 ",4
2001,Austria,"$5,600.00 ",4
2001,Hong Kong,"$5,000.00 ",1
2001,Japan,"$3,000.00 ",4
2001,Brazil,"$2,539.67 ",7
2001,Singapore,"$2,000.00 ",6
2001,Argentina,$955.84 ,3
2001,Belgium,$756.97 ,2
2001,Switzerland,$625.00 ,1
2001,Malaysia,$150.00 ,1
2001,Ireland,$131.97 ,1
2001,Greece,$75.00 ,1
2001,Lithuania,$50.00 ,1
2000,United States,"$247,563.40 ",93
2000," Korea, Republic of","$199,428.76 ",56
2000,Sweden,"$86,874.14 ",17
2000,Canada,"$37,427.49 ",16
2000,United Kingdom,"$21,252.70 ",7
2000," Taiwan, Republic of China","$15,000.00 ",1
2000,Norway,"$9,280.86 ",2
2000,Germany,"$8,476.33 ",19
2000,Denmark,"$7,930.39 ",9
2000,Hong Kong,"$7,692.00 ",3
2000,Russian Federation,"$6,757.99 ",3
2000,Netherlands,"$6,087.63 ",2
2000,Australia,"$4,556.80 ",5
2000,Finland,"$2,190.84 ",6
2000,Venezuela,"$1,000.00 ",1
2000,Hungary,$876.33 ,2
2000,France,$701.05 ,5
2000,New Zealand,$500.00 ,1
2000,Croatia,$438.17 ,1
2000,Singapore,$400.00 ,1
2000,South Africa,$365.53 ,5
2000,Spain,$300.00 ,1
2000,Northern Mariana Islands,$300.00 ,1
1999,United States,"$124,261.09 ",28
1999," Korea, Republic of","$75,876.40 ",21
1999,Canada,"$60,416.35 ",12
1999,United Kingdom,"$11,600.00 ",3
1999,Sweden,"$3,000.00 ",3
1998,United States,"$94,250.00 ",28
1998,Canada,"$12,400.00 ",4
1998,United Kingdom,$300.00 ,1
1998,Sweden,$150.00 ,1